date,tmax_f,tmin_f,tavg_f,source
2013-02-01,28.8,21.0,26.4,historical_csv
2013-02-02,24.1,15.4,20.7,historical_csv
2013-02-03,29.0,18.2,24.7,historical_csv
2013-02-04,29.8,20.8,25.5,historical_csv
2013-02-05,32.8,26.3,29.7,historical_csv
2013-02-06,38.5,24.9,31.7,historical_csv
2013-02-07,34.7,21.5,28.6,historical_csv
2013-02-08,35.3,31.5,33.5,historical_csv
2013-02-09,33.1,21.1,27.3,historical_csv
2013-02-10,39.7,13.2,27.6,historical_csv
2013-02-11,41.6,33.1,36.8,historical_csv
2013-02-12,43.7,30.3,39.0,historical_csv
2013-02-13,42.1,23.6,33.4,historical_csv
2013-02-14,44.3,32.9,36.8,historical_csv
2013-02-15,52.7,30.0,40.6,historical_csv
2013-02-16,35.5,29.8,33.0,historical_csv
2013-02-17,29.9,20.3,26.0,historical_csv
2013-02-18,35.1,17.3,26.2,historical_csv
2013-02-19,40.7,24.7,33.6,historical_csv
2013-02-20,33.9,24.4,28.2,historical_csv
2013-02-21,35.1,23.2,28.5,historical_csv
2013-02-22,35.7,20.9,29.4,historical_csv
2013-02-23,44.3,33.4,38.2,historical_csv
2013-02-24,42.9,32.0,37.8,historical_csv
2013-02-25,43.8,30.8,36.8,historical_csv
2013-02-26,44.2,25.3,34.8,historical_csv
2013-02-27,47.5,36.3,42.7,historical_csv
2013-02-28,44.5,34.9,40.4,historical_csv
2013-03-01,42.7,32.2,38.0,historical_csv
2013-03-02,37.3,31.2,34.1,historical_csv
2013-03-03,36.7,27.5,31.8,historical_csv
2013-03-04,39.0,28.5,33.1,historical_csv
2013-03-05,46.4,31.1,37.7,historical_csv
2013-03-06,40.6,36.6,38.8,historical_csv
2013-03-07,46.3,34.6,39.9,historical_csv
2013-03-08,43.9,31.4,37.3,historical_csv
2013-03-09,62.4,31.6,45.0,historical_csv
2013-03-10,58.8,28.8,44.0,historical_csv
2013-03-11,57.3,38.2,48.3,historical_csv
2013-03-12,56.1,42.6,51.7,historical_csv
2013-03-13,47.5,32.6,40.3,historical_csv
2013-03-14,40.7,30.0,34.8,historical_csv
2013-03-15,50.9,24.7,39.0,historical_csv
2013-03-16,44.9,32.0,36.1,historical_csv
2013-03-17,37.5,30.0,33.5,historical_csv
2013-03-18,35.7,27.5,31.5,historical_csv
2013-03-19,49.7,33.1,38.8,historical_csv
2013-03-20,46.0,32.2,38.0,historical_csv
2013-03-21,36.4,28.2,32.9,historical_csv
2013-03-22,40.0,27.2,33.0,historical_csv
2013-03-23,46.2,32.0,38.0,historical_csv
2013-03-24,46.4,29.7,38.6,historical_csv
2013-03-25,39.1,33.3,36.0,historical_csv
2013-03-26,51.1,34.5,40.4,historical_csv
2013-03-27,49.7,32.1,41.1,historical_csv
2013-03-28,47.8,34.0,41.2,historical_csv
2013-03-29,52.7,35.5,44.5,historical_csv
2013-03-30,57.0,30.1,45.0,historical_csv
2013-03-31,55.4,32.4,44.2,historical_csv
2013-04-01,56.5,38.2,46.5,historical_csv
2013-04-02,42.9,28.9,36.5,historical_csv
2013-04-03,44.5,29.1,36.7,historical_csv
2013-04-04,51.9,26.4,39.3,historical_csv
2013-04-05,60.9,36.6,49.0,historical_csv
2013-04-06,52.9,32.6,42.8,historical_csv
2013-04-07,62.7,39.6,51.8,historical_csv
2013-04-08,76.9,44.9,62.8,historical_csv
2013-04-09,82.2,57.2,71.6,historical_csv
2013-04-10,86.8,60.9,72.0,historical_csv
2013-04-11,64.5,51.3,60.2,historical_csv
2013-04-12,50.1,44.3,46.2,historical_csv
2013-04-13,58.5,40.9,49.8,historical_csv
2013-04-14,61.1,40.2,51.3,historical_csv
2013-04-15,61.4,46.7,52.8,historical_csv
2013-04-16,70.7,49.7,59.4,historical_csv
2013-04-17,71.2,54.9,61.9,historical_csv
2013-04-18,60.9,54.7,57.1,historical_csv
2013-04-19,75.1,55.2,65.6,historical_csv
2013-04-20,56.2,43.4,49.5,historical_csv
2013-04-21,53.3,32.8,44.2,historical_csv
2013-04-22,53.6,35.1,45.8,historical_csv
2013-04-23,55.5,42.5,48.4,historical_csv
2013-04-24,71.5,40.4,56.1,historical_csv
2013-04-25,60.9,42.9,52.2,historical_csv
2013-04-26,62.7,39.9,51.6,historical_csv
2013-04-27,69.4,37.3,54.5,historical_csv
2013-04-28,69.9,43.1,57.8,historical_csv
2013-04-29,56.9,52.2,55.0,historical_csv
2013-04-30,68.2,52.1,59.3,historical_csv
2014-02-01,45.9,25.7,35.4,historical_csv
2014-02-02,43.7,26.1,35.8,historical_csv
2014-02-03,38.3,24.3,32.4,historical_csv
2014-02-04,30.1,10.6,22.4,historical_csv
2014-02-05,35.7,27.1,32.2,historical_csv
2014-02-06,29.8,19.0,24.3,historical_csv
2014-02-07,31.6,16.0,24.5,historical_csv
2014-02-08,28.0,13.8,22.2,historical_csv
2014-02-09,26.6,15.5,21.9,historical_csv
2014-02-10,26.9,15.0,21.8,historical_csv
2014-02-11,24.0,2.6,15.1,historical_csv
2014-02-12,22.4,1.4,14.6,historical_csv
2014-02-13,34.9,19.6,27.9,historical_csv
2014-02-14,40.9,26.1,34.1,historical_csv
2014-02-15,33.9,26.8,30.7,historical_csv
2014-02-16,27.6,17.6,22.3,historical_csv
2014-02-17,28.8,13.7,21.6,historical_csv
2014-02-18,37.1,24.2,29.3,historical_csv
2014-02-19,42.0,21.9,31.9,historical_csv
2014-02-20,46.5,25.9,38.7,historical_csv
2014-02-21,42.7,34.4,38.1,historical_csv
2014-02-22,50.7,32.6,41.5,historical_csv
2014-02-23,47.1,27.9,38.0,historical_csv
2014-02-24,38.2,26.5,31.6,historical_csv
2014-02-25,29.6,20.0,25.1,historical_csv
2014-02-26,25.5,15.2,21.8,historical_csv
2014-02-27,26.9,8.2,16.6,historical_csv
2014-02-28,19.3,3.6,11.7,historical_csv
2014-03-01,32.5,9.1,21.9,historical_csv
2014-03-02,35.8,27.6,31.2,historical_csv
2014-03-03,27.2,13.3,17.9,historical_csv
2014-03-04,28.1,7.6,18.0,historical_csv
2014-03-05,35.1,19.6,26.3,historical_csv
2014-03-06,29.2,14.4,21.9,historical_csv
2014-03-07,39.2,22.0,29.4,historical_csv
2014-03-08,48.8,24.4,37.7,historical_csv
2014-03-09,39.5,33.8,36.1,historical_csv
2014-03-10,50.2,33.0,41.0,historical_csv
2014-03-11,59.7,37.2,48.0,historical_csv
2014-03-12,49.8,25.1,43.4,historical_csv
2014-03-13,28.1,16.3,22.0,historical_csv
2014-03-14,46.4,20.0,33.3,historical_csv
2014-03-15,53.5,40.2,47.1,historical_csv
2014-03-16,37.6,26.7,31.4,historical_csv
2014-03-17,32.9,22.9,27.7,historical_csv
2014-03-18,43.8,26.5,33.9,historical_csv
2014-03-19,40.1,32.1,35.8,historical_csv
2014-03-20,47.6,37.1,41.7,historical_csv
2014-03-21,50.4,31.9,40.5,historical_csv
2014-03-22,61.1,32.8,45.4,historical_csv
2014-03-23,40.8,26.1,36.2,historical_csv
2014-03-24,31.9,17.6,25.2,historical_csv
2014-03-25,32.8,19.1,27.2,historical_csv
2014-03-26,31.5,25.3,28.4,historical_csv
2014-03-27,41.8,17.5,30.6,historical_csv
2014-03-28,57.9,35.0,45.2,historical_csv
2014-03-29,51.9,42.5,45.6,historical_csv
2014-03-30,46.6,35.8,40.9,historical_csv
2014-03-31,55.8,34.6,42.9,historical_csv
2014-04-01,59.6,31.8,46.3,historical_csv
2014-04-02,59.7,41.2,48.7,historical_csv
2014-04-03,61.1,42.4,51.0,historical_csv
2014-04-04,46.8,40.8,42.8,historical_csv
2014-04-05,48.0,37.5,43.0,historical_csv
2014-04-06,56.6,31.2,43.5,historical_csv
2014-04-07,46.5,34.7,41.6,historical_csv
2014-04-08,57.6,44.6,51.9,historical_csv
2014-04-09,58.7,34.6,48.0,historical_csv
2014-04-10,65.0,31.5,50.6,historical_csv
2014-04-11,69.1,51.9,57.7,historical_csv
2014-04-12,69.1,42.1,57.0,historical_csv
2014-04-13,78.5,55.1,65.5,historical_csv
2014-04-14,73.5,62.3,67.9,historical_csv
2014-04-15,66.6,33.6,55.2,historical_csv
2014-04-16,43.6,26.5,35.0,historical_csv
2014-04-17,51.8,30.5,40.9,historical_csv
2014-04-18,53.1,34.9,42.7,historical_csv
2014-04-19,62.5,39.1,51.1,historical_csv
2014-04-20,61.3,42.3,51.2,historical_csv
2014-04-21,69.3,34.0,52.4,historical_csv
2014-04-22,66.0,50.1,57.0,historical_csv
2014-04-23,54.1,41.4,48.1,historical_csv
2014-04-24,59.3,37.7,48.0,historical_csv
2014-04-25,64.2,36.1,49.4,historical_csv
2014-04-26,68.0,45.0,55.1,historical_csv
2014-04-27,58.1,41.3,49.5,historical_csv
2014-04-28,61.1,37.1,50.9,historical_csv
2014-04-29,53.1,41.8,46.2,historical_csv
2014-04-30,52.2,41.2,45.8,historical_csv
2015-02-01,35.1,19.1,29.1,historical_csv
2015-02-02,34.5,18.5,29.3,historical_csv
2015-02-03,26.4,15.5,19.9,historical_csv
2015-02-04,38.2,15.6,26.9,historical_csv
2015-02-05,32.3,13.7,24.9,historical_csv
2015-02-06,28.9,8.2,17.8,historical_csv
2015-02-07,39.8,16.5,29.4,historical_csv
2015-02-08,38.0,31.4,34.7,historical_csv
2015-02-09,35.1,26.1,30.0,historical_csv
2015-02-10,34.6,26.1,29.9,historical_csv
2015-02-11,34.0,19.6,27.4,historical_csv
2015-02-12,36.4,16.3,29.7,historical_csv
2015-02-13,20.0,6.2,13.1,historical_csv
2015-02-14,27.1,9.9,19.3,historical_csv
2015-02-15,16.2,4.0,9.7,historical_csv
2015-02-16,15.2,-0.2,8.0,historical_csv
2015-02-17,23.9,9.9,16.2,historical_csv
2015-02-18,29.4,4.3,18.4,historical_csv
2015-02-19,18.7,4.9,13.2,historical_csv
2015-02-20,14.9,-0.5,6.8,historical_csv
2015-02-21,25.6,2.7,16.1,historical_csv
2015-02-22,41.0,25.6,32.5,historical_csv
2015-02-23,32.3,9.3,21.8,historical_csv
2015-02-24,23.7,-2.0,12.7,historical_csv
2015-02-25,35.9,13.9,25.1,historical_csv
2015-02-26,28.3,19.8,24.2,historical_csv
2015-02-27,26.5,16.2,20.8,historical_csv
2015-02-28,26.5,9.0,18.0,historical_csv
2015-03-01,25.6,11.5,21.2,historical_csv
2015-03-02,36.0,25.6,30.6,historical_csv
2015-03-03,33.1,18.0,25.4,historical_csv
2015-03-04,40.4,33.4,36.7,historical_csv
2015-03-05,35.8,16.6,25.4,historical_csv
2015-03-06,23.3,6.9,15.2,historical_csv
2015-03-07,37.9,5.8,23.3,historical_csv
2015-03-08,46.5,27.2,37.0,historical_csv
2015-03-09,50.9,29.5,40.3,historical_csv
2015-03-10,48.4,29.9,37.9,historical_csv
2015-03-11,53.5,38.7,44.8,historical_csv
2015-03-12,45.2,34.9,41.3,historical_csv
2015-03-13,43.6,28.8,36.7,historical_csv
2015-03-14,42.8,36.0,39.2,historical_csv
2015-03-15,42.8,37.8,40.6,historical_csv
2015-03-16,50.6,32.3,40.7,historical_csv
2015-03-17,58.3,34.3,45.1,historical_csv
2015-03-18,42.2,28.4,34.8,historical_csv
2015-03-19,43.5,26.3,34.2,historical_csv
2015-03-20,34.6,30.6,31.9,historical_csv
2015-03-21,46.6,29.7,37.2,historical_csv
2015-03-22,43.9,32.4,37.4,historical_csv
2015-03-23,39.9,23.1,31.8,historical_csv
2015-03-24,42.4,27.3,33.2,historical_csv
2015-03-25,41.6,23.5,33.7,historical_csv
2015-03-26,57.9,34.2,43.8,historical_csv
2015-03-27,46.5,36.6,41.8,historical_csv
2015-03-28,37.1,26.5,32.7,historical_csv
2015-03-29,44.1,22.2,32.9,historical_csv
2015-03-30,53.8,34.6,44.0,historical_csv
2015-03-31,46.1,35.1,39.8,historical_csv
2015-04-01,51.5,31.8,41.0,historical_csv
2015-04-02,63.9,29.1,48.8,historical_csv
2015-04-03,66.5,57.1,60.4,historical_csv
2015-04-04,58.2,41.6,50.1,historical_csv
2015-04-05,62.9,37.0,50.4,historical_csv
2015-04-06,73.1,37.2,55.3,historical_csv
2015-04-07,66.9,46.6,56.9,historical_csv
2015-04-08,45.8,38.6,42.9,historical_csv
2015-04-09,41.8,37.8,39.7,historical_csv
2015-04-10,53.5,39.0,45.3,historical_csv
2015-04-11,57.5,46.7,51.9,historical_csv
2015-04-12,67.5,31.8,51.0,historical_csv
2015-04-13,74.1,42.0,59.2,historical_csv
2015-04-14,62.8,53.1,58.4,historical_csv
2015-04-15,68.7,42.6,56.3,historical_csv
2015-04-16,69.1,43.1,57.4,historical_csv
2015-04-17,70.4,54.6,61.6,historical_csv
2015-04-18,79.6,47.3,64.9,historical_csv
2015-04-19,66.6,48.9,57.2,historical_csv
2015-04-20,63.1,47.4,55.6,historical_csv
2015-04-21,62.2,51.5,57.1,historical_csv
2015-04-22,65.4,43.8,51.4,historical_csv
2015-04-23,46.4,37.4,41.9,historical_csv
2015-04-24,54.4,35.6,43.9,historical_csv
2015-04-25,57.2,33.0,45.7,historical_csv
2015-04-26,60.8,38.0,49.9,historical_csv
2015-04-27,55.7,42.0,50.1,historical_csv
2015-04-28,68.9,47.7,57.9,historical_csv
2015-04-29,74.1,45.9,61.3,historical_csv
2015-04-30,67.8,47.6,57.3,historical_csv
2016-02-01,47.5,36.9,41.9,historical_csv
2016-02-02,47.4,25.6,36.7,historical_csv
2016-02-03,54.5,38.5,45.1,historical_csv
2016-02-04,50.6,39.0,44.2,historical_csv
2016-02-05,39.2,29.0,35.8,historical_csv
2016-02-06,40.7,22.5,31.6,historical_csv
2016-02-07,45.0,21.3,33.9,historical_csv
2016-02-08,40.2,31.5,35.6,historical_csv
2016-02-09,33.1,29.0,30.7,historical_csv
2016-02-10,32.3,24.1,29.7,historical_csv
2016-02-11,23.7,17.2,19.8,historical_csv
2016-02-12,21.5,9.8,17.1,historical_csv
2016-02-13,19.4,8.3,14.5,historical_csv
2016-02-14,15.1,1.5,8.5,historical_csv
2016-02-15,28.2,11.9,18.1,historical_csv
2016-02-16,53.3,28.7,40.9,historical_csv
2016-02-17,36.1,30.7,34.9,historical_csv
2016-02-18,32.6,23.5,28.3,historical_csv
2016-02-19,35.4,16.5,27.1,historical_csv
2016-02-20,61.4,35.3,47.9,historical_csv
2016-02-21,52.8,34.8,44.6,historical_csv
2016-02-22,49.1,32.2,39.6,historical_csv
2016-02-23,35.6,31.4,33.7,historical_csv
2016-02-24,61.6,35.7,44.4,historical_csv
2016-02-25,59.3,34.6,43.8,historical_csv
2016-02-26,36.6,27.0,32.1,historical_csv
2016-02-27,40.2,24.3,32.1,historical_csv
2016-02-28,63.7,30.7,46.5,historical_csv
2016-02-29,54.4,38.6,46.1,historical_csv
2016-03-01,59.4,34.1,46.2,historical_csv
2016-03-02,54.2,27.8,38.8,historical_csv
2016-03-03,33.8,22.3,28.8,historical_csv
2016-03-04,37.4,28.2,32.0,historical_csv
2016-03-05,38.6,24.3,31.7,historical_csv
2016-03-06,42.6,31.4,35.0,historical_csv
2016-03-07,63.2,29.9,46.3,historical_csv
2016-03-08,71.8,46.7,58.6,historical_csv
2016-03-09,77.4,39.7,61.2,historical_csv
2016-03-10,74.7,59.0,66.4,historical_csv
2016-03-11,63.4,44.6,55.8,historical_csv
2016-03-12,60.6,32.2,47.6,historical_csv
2016-03-13,57.5,45.2,51.1,historical_csv
2016-03-14,47.7,41.4,44.1,historical_csv
2016-03-15,53.6,41.6,46.5,historical_csv
2016-03-16,65.5,40.7,52.2,historical_csv
2016-03-17,57.4,38.7,48.6,historical_csv
2016-03-18,57.0,40.6,48.5,historical_csv
2016-03-19,43.6,31.4,37.8,historical_csv
2016-03-20,39.4,31.9,36.0,historical_csv
2016-03-21,47.1,29.9,38.0,historical_csv
2016-03-22,56.1,29.5,42.8,historical_csv
2016-03-23,69.4,39.3,54.0,historical_csv
2016-03-24,63.9,41.7,50.8,historical_csv
2016-03-25,65.7,43.9,55.6,historical_csv
2016-03-26,55.9,32.0,43.5,historical_csv
2016-03-27,54.1,40.1,46.6,historical_csv
2016-03-28,60.1,41.9,48.3,historical_csv
2016-03-29,54.8,38.7,46.3,historical_csv
2016-03-30,58.4,27.2,44.1,historical_csv
2016-03-31,69.4,47.3,58.6,historical_csv
2016-04-01,76.8,61.7,67.5,historical_csv
2016-04-02,60.6,45.8,52.3,historical_csv
2016-04-03,41.0,29.8,36.4,historical_csv
2016-04-04,44.9,30.7,38.7,historical_csv
2016-04-05,40.2,25.5,32.5,historical_csv
2016-04-06,49.8,23.4,37.8,historical_csv
2016-04-07,54.0,44.5,49.8,historical_csv
2016-04-08,44.9,37.4,40.9,historical_csv
2016-04-09,36.8,32.2,34.0,historical_csv
2016-04-10,45.0,26.1,36.3,historical_csv
2016-04-11,58.9,41.4,48.6,historical_csv
2016-04-12,59.0,41.0,52.0,historical_csv
2016-04-13,54.8,33.6,44.1,historical_csv
2016-04-14,60.5,33.6,48.0,historical_csv
2016-04-15,63.4,36.0,51.0,historical_csv
2016-04-16,68.2,37.5,53.6,historical_csv
2016-04-17,74.6,37.5,57.6,historical_csv
2016-04-18,79.4,47.5,64.3,historical_csv
2016-04-19,67.7,52.1,59.7,historical_csv
2016-04-20,68.7,41.5,55.7,historical_csv
2016-04-21,71.6,45.2,59.3,historical_csv
2016-04-22,73.4,57.6,66.0,historical_csv
2016-04-23,63.6,48.7,58.2,historical_csv
2016-04-24,66.2,38.7,52.5,historical_csv
2016-04-25,73.4,46.2,60.4,historical_csv
2016-04-26,77.0,54.3,63.6,historical_csv
2016-04-27,56.4,46.7,50.3,historical_csv
2016-04-28,54.6,44.5,47.8,historical_csv
2016-04-29,51.3,44.1,47.0,historical_csv
2016-04-30,55.9,43.4,50.1,historical_csv
2017-02-01,43.9,29.9,37.1,historical_csv
2017-02-02,39.3,27.9,33.6,historical_csv
2017-02-03,30.3,19.4,25.3,historical_csv
2017-02-04,33.5,17.6,25.2,historical_csv
2017-02-05,41.0,26.8,33.5,historical_csv
2017-02-06,50.0,32.0,41.3,historical_csv
2017-02-07,39.7,35.4,37.4,historical_csv
2017-02-08,61.0,38.5,45.9,historical_csv
2017-02-09,39.4,19.2,27.2,historical_csv
2017-02-10,30.0,18.8,24.7,historical_csv
2017-02-11,46.9,26.5,35.3,historical_csv
2017-02-12,37.8,32.2,34.8,historical_csv
2017-02-13,37.0,30.1,33.6,historical_csv
2017-02-14,44.9,25.1,33.5,historical_csv
2017-02-15,44.7,28.7,34.9,historical_csv
2017-02-16,33.9,26.6,31.4,historical_csv
2017-02-17,42.5,24.7,32.0,historical_csv
2017-02-18,66.6,26.1,45.7,historical_csv
2017-02-19,66.2,48.8,56.1,historical_csv
2017-02-20,55.0,36.5,46.0,historical_csv
2017-02-21,48.6,29.8,39.3,historical_csv
2017-02-22,60.5,40.9,48.3,historical_csv
2017-02-23,71.6,36.9,53.8,historical_csv
2017-02-24,74.0,53.5,63.5,historical_csv
2017-02-25,71.9,40.7,58.2,historical_csv
2017-02-26,39.8,29.0,34.9,historical_csv
2017-02-27,50.5,25.1,38.2,historical_csv
2017-02-28,62.8,37.2,51.3,historical_csv
2017-03-01,64.2,55.8,58.9,historical_csv
2017-03-02,57.0,32.7,42.1,historical_csv
2017-03-03,36.1,25.0,29.7,historical_csv
2017-03-04,31.3,16.3,24.0,historical_csv
2017-03-05,36.6,11.3,23.3,historical_csv
2017-03-06,50.3,21.5,36.8,historical_csv
2017-03-07,54.4,37.7,44.8,historical_csv
2017-03-08,60.0,43.5,53.1,historical_csv
2017-03-09,61.4,43.4,52.8,historical_csv
2017-03-10,41.4,23.9,32.7,historical_csv
2017-03-11,29.4,16.1,22.4,historical_csv
2017-03-12,29.5,17.9,23.9,historical_csv
2017-03-13,35.3,15.6,25.8,historical_csv
2017-03-14,30.7,20.4,26.6,historical_csv
2017-03-15,29.0,17.4,22.6,historical_csv
2017-03-16,37.5,21.1,29.1,historical_csv
2017-03-17,42.9,24.0,33.4,historical_csv
2017-03-18,35.0,30.2,33.2,historical_csv
2017-03-19,45.5,32.7,38.2,historical_csv
2017-03-20,45.9,30.1,38.4,historical_csv
2017-03-21,56.0,37.2,44.9,historical_csv
2017-03-22,43.6,24.6,34.2,historical_csv
2017-03-23,42.1,19.6,30.3,historical_csv
2017-03-24,53.1,30.2,41.1,historical_csv
2017-03-25,66.9,42.8,53.0,historical_csv
2017-03-26,43.5,38.4,40.5,historical_csv
2017-03-27,57.5,38.6,45.7,historical_csv
2017-03-28,51.4,47.6,49.7,historical_csv
2017-03-29,56.6,41.0,48.3,historical_csv
2017-03-30,47.0,34.3,41.2,historical_csv
2017-03-31,41.0,36.8,38.9,historical_csv
2017-04-01,47.2,36.2,41.5,historical_csv
2017-04-02,61.4,35.3,48.9,historical_csv
2017-04-03,65.5,36.5,52.2,historical_csv
2017-04-04,71.8,48.3,59.3,historical_csv
2017-04-05,66.2,50.7,58.3,historical_csv
2017-04-06,51.2,42.4,45.6,historical_csv
2017-04-07,47.0,37.7,41.6,historical_csv
2017-04-08,57.4,34.7,45.6,historical_csv
2017-04-09,68.9,31.3,52.0,historical_csv
2017-04-10,79.6,42.7,63.1,historical_csv
2017-04-11,83.6,49.5,68.8,historical_csv
2017-04-12,73.0,57.3,64.3,historical_csv
2017-04-13,61.4,43.1,52.1,historical_csv
2017-04-14,67.3,40.7,53.5,historical_csv
2017-04-15,65.9,45.5,56.6,historical_csv
2017-04-16,83.0,52.7,67.8,historical_csv
2017-04-17,70.5,56.5,63.5,historical_csv
2017-04-18,67.4,45.8,56.1,historical_csv
2017-04-19,56.2,44.8,51.1,historical_csv
2017-04-20,73.3,52.9,61.7,historical_csv
2017-04-21,60.7,51.9,56.1,historical_csv
2017-04-22,55.0,46.3,52.5,historical_csv
2017-04-23,66.6,37.9,52.8,historical_csv
2017-04-24,60.6,43.2,52.5,historical_csv
2017-04-25,57.3,50.8,54.1,historical_csv
2017-04-26,69.2,52.4,59.8,historical_csv
2017-04-27,79.2,61.1,68.2,historical_csv
2017-04-28,80.5,60.0,70.2,historical_csv
2017-04-29,78.9,60.5,69.2,historical_csv
2017-04-30,67.5,52.3,61.2,historical_csv
2018-02-01,42.9,29.6,35.4,historical_csv
2018-02-02,35.9,16.2,24.7,historical_csv
2018-02-03,31.4,13.3,22.8,historical_csv
2018-02-04,33.6,28.3,31.2,historical_csv
2018-02-05,34.3,17.9,27.9,historical_csv
2018-02-06,33.9,19.2,26.8,historical_csv
2018-02-07,35.6,22.1,30.1,historical_csv
2018-02-08,30.4,21.8,25.8,historical_csv
2018-02-09,34.4,18.0,27.3,historical_csv
2018-02-10,41.8,32.4,37.6,historical_csv
2018-02-11,46.8,37.6,42.3,historical_csv
2018-02-12,46.5,29.3,39.5,historical_csv
2018-02-13,38.2,23.2,31.1,historical_csv
2018-02-14,48.0,32.7,40.4,historical_csv
2018-02-15,66.2,41.4,51.7,historical_csv
2018-02-16,55.5,34.2,49.0,historical_csv
2018-02-17,36.9,25.3,31.4,historical_csv
2018-02-18,42.8,27.6,34.9,historical_csv
2018-02-19,39.8,28.4,36.1,historical_csv
2018-02-20,62.9,38.2,49.5,historical_csv
2018-02-21,80.5,48.1,61.7,historical_csv
2018-02-22,51.5,36.2,41.0,historical_csv
2018-02-23,40.9,35.5,37.3,historical_csv
2018-02-24,48.0,40.9,44.0,historical_csv
2018-02-25,45.3,41.2,43.6,historical_csv
2018-02-26,50.1,33.8,43.7,historical_csv
2018-02-27,56.1,27.0,41.9,historical_csv
2018-02-28,60.6,35.6,47.9,historical_csv
2018-03-01,57.7,39.4,47.6,historical_csv
2018-03-02,44.5,33.7,37.3,historical_csv
2018-03-03,41.7,33.0,36.1,historical_csv
2018-03-04,42.8,29.6,36.5,historical_csv
2018-03-05,41.4,28.3,33.6,historical_csv
2018-03-06,46.3,22.5,35.3,historical_csv
2018-03-07,34.9,33.1,34.0,historical_csv
2018-03-08,37.3,28.1,33.2,historical_csv
2018-03-09,39.2,28.3,33.0,historical_csv
2018-03-10,38.3,28.4,33.4,historical_csv
2018-03-11,43.1,26.9,34.4,historical_csv
2018-03-12,39.0,24.6,32.3,historical_csv
2018-03-13,36.4,29.8,33.2,historical_csv
2018-03-14,37.1,27.5,31.7,historical_csv
2018-03-15,44.1,30.2,35.5,historical_csv
2018-03-16,37.7,29.0,33.2,historical_csv
2018-03-17,46.2,24.1,35.0,historical_csv
2018-03-18,48.2,29.1,37.5,historical_csv
2018-03-19,44.7,29.0,36.4,historical_csv
2018-03-20,35.1,28.5,32.0,historical_csv
2018-03-21,35.5,29.3,31.5,historical_csv
2018-03-22,44.4,30.1,37.1,historical_csv
2018-03-23,42.7,29.0,36.5,historical_csv
2018-03-24,46.5,28.1,37.2,historical_csv
2018-03-25,44.4,27.5,34.6,historical_csv
2018-03-26,48.0,26.8,37.6,historical_csv
2018-03-27,44.1,29.4,36.8,historical_csv
2018-03-28,48.0,35.8,41.6,historical_csv
2018-03-29,58.3,44.2,50.0,historical_csv
2018-03-30,52.2,41.1,48.6,historical_csv
2018-03-31,56.7,32.9,44.7,historical_csv
2018-04-01,57.4,40.6,49.0,historical_csv
2018-04-02,42.6,32.6,37.4,historical_csv
2018-04-03,40.4,32.5,37.4,historical_csv
2018-04-04,52.5,36.8,44.1,historical_csv
2018-04-05,41.1,31.9,35.9,historical_csv
2018-04-06,60.3,30.0,44.8,historical_csv
2018-04-07,50.7,33.2,40.5,historical_csv
2018-04-08,40.7,26.7,34.4,historical_csv
2018-04-09,44.8,28.3,35.2,historical_csv
2018-04-10,44.8,32.7,37.9,historical_csv
2018-04-11,51.8,26.0,39.7,historical_csv
2018-04-12,68.1,41.1,53.8,historical_csv
2018-04-13,82.5,58.5,69.6,historical_csv
2018-04-14,85.2,54.4,70.8,historical_csv
2018-04-15,51.5,37.1,41.1,historical_csv
2018-04-16,50.4,37.3,43.4,historical_csv
2018-04-17,41.6,35.6,38.4,historical_csv
2018-04-18,51.1,34.3,41.8,historical_csv
2018-04-19,45.7,37.2,41.2,historical_csv
2018-04-20,49.6,33.3,40.6,historical_csv
2018-04-21,59.4,30.0,45.9,historical_csv
2018-04-22,65.1,32.3,51.0,historical_csv
2018-04-23,69.5,35.1,54.3,historical_csv
2018-04-24,64.7,39.6,54.6,historical_csv
2018-04-25,61.3,50.7,56.2,historical_csv
2018-04-26,65.1,46.7,55.9,historical_csv
2018-04-27,54.4,48.4,51.3,historical_csv
2018-04-28,71.5,44.8,54.7,historical_csv
2018-04-29,51.1,43.5,47.2,historical_csv
2018-04-30,66.3,40.8,51.3,historical_csv
2019-02-01,16.7,0.8,8.4,historical_csv
2019-02-02,31.0,3.3,17.3,historical_csv
2019-02-03,47.7,21.1,32.6,historical_csv
2019-02-04,59.4,26.1,40.0,historical_csv
2019-02-05,61.4,36.0,47.2,historical_csv
2019-02-06,43.8,31.0,38.2,historical_csv
2019-02-07,50.5,37.5,42.2,historical_csv
2019-02-08,48.7,27.3,40.4,historical_csv
2019-02-09,29.8,20.3,24.9,historical_csv
2019-02-10,32.3,14.5,25.2,historical_csv
2019-02-11,33.7,27.7,30.5,historical_csv
2019-02-12,32.6,26.8,29.3,historical_csv
2019-02-13,36.4,31.1,33.4,historical_csv
2019-02-14,41.9,30.5,35.8,historical_csv
2019-02-15,58.8,38.3,46.4,historical_csv
2019-02-16,39.7,27.0,34.6,historical_csv
2019-02-17,35.0,20.2,29.2,historical_csv
2019-02-18,38.0,27.7,33.4,historical_csv
2019-02-19,33.6,20.6,26.9,historical_csv
2019-02-20,32.2,24.3,27.5,historical_csv
2019-02-21,47.2,32.3,38.7,historical_csv
2019-02-22,42.4,33.7,38.3,historical_csv
2019-02-23,38.0,27.6,33.8,historical_csv
2019-02-24,44.0,34.2,38.9,historical_csv
2019-02-25,38.8,27.0,33.7,historical_csv
2019-02-26,34.8,23.3,28.9,historical_csv
2019-02-27,33.6,22.1,28.0,historical_csv
2019-02-28,34.2,26.9,30.7,historical_csv
2019-03-01,33.7,25.5,29.7,historical_csv
2019-03-02,36.0,30.8,33.2,historical_csv
2019-03-03,36.8,29.5,33.4,historical_csv
2019-03-04,34.3,20.9,30.7,historical_csv
2019-03-05,28.5,12.2,20.7,historical_csv
2019-03-06,22.7,13.6,17.8,historical_csv
2019-03-07,32.0,10.1,21.7,historical_csv
2019-03-08,35.0,15.0,26.8,historical_csv
2019-03-09,45.7,27.1,36.4,historical_csv
2019-03-10,41.2,34.6,37.9,historical_csv
2019-03-11,52.0,37.2,43.3,historical_csv
2019-03-12,42.4,31.6,36.6,historical_csv
2019-03-13,49.2,23.5,38.0,historical_csv
2019-03-14,62.8,36.1,49.9,historical_csv
2019-03-15,71.5,54.0,62.2,historical_csv
2019-03-16,51.0,34.4,42.1,historical_csv
2019-03-17,42.4,29.9,35.3,historical_csv
2019-03-18,42.6,26.4,34.4,historical_csv
2019-03-19,47.1,25.5,36.7,historical_csv
2019-03-20,51.3,25.7,40.0,historical_csv
2019-03-21,46.2,38.3,42.6,historical_csv
2019-03-22,46.8,36.9,40.5,historical_csv
2019-03-23,48.4,32.7,39.2,historical_csv
2019-03-24,57.8,31.1,46.0,historical_csv
2019-03-25,50.4,37.8,44.6,historical_csv
2019-03-26,45.6,29.0,37.3,historical_csv
2019-03-27,49.2,23.4,37.5,historical_csv
2019-03-28,56.4,29.7,43.8,historical_csv
2019-03-29,57.7,45.5,51.4,historical_csv
2019-03-30,73.0,47.9,59.6,historical_csv
2019-03-31,63.3,34.6,51.7,historical_csv
2019-04-01,44.7,28.1,35.8,historical_csv
2019-04-02,49.9,28.2,39.4,historical_csv
2019-04-03,63.1,30.7,48.0,historical_csv
2019-04-04,58.6,37.2,48.8,historical_csv
2019-04-05,44.6,36.3,38.7,historical_csv
2019-04-06,63.5,36.8,48.7,historical_csv
2019-04-07,67.9,39.2,55.8,historical_csv
2019-04-08,75.7,54.0,64.1,historical_csv
2019-04-09,72.4,48.3,61.6,historical_csv
2019-04-10,58.5,42.7,50.3,historical_csv
2019-04-11,54.2,38.2,45.4,historical_csv
2019-04-12,67.4,46.2,55.3,historical_csv
2019-04-13,73.6,59.7,65.6,historical_csv
2019-04-14,72.0,53.9,63.9,historical_csv
2019-04-15,72.0,43.1,54.2,historical_csv
2019-04-16,59.6,39.6,49.0,historical_csv
2019-04-17,58.4,46.3,52.6,historical_csv
2019-04-18,72.2,50.1,59.7,historical_csv
2019-04-19,73.1,63.8,67.7,historical_csv
2019-04-20,72.7,60.1,66.8,historical_csv
2019-04-21,66.2,53.9,59.8,historical_csv
2019-04-22,66.2,52.6,58.6,historical_csv
2019-04-23,76.5,48.0,63.5,historical_csv
2019-04-24,67.6,54.9,61.1,historical_csv
2019-04-25,62.5,48.5,56.5,historical_csv
2019-04-26,65.6,51.9,56.7,historical_csv
2019-04-27,61.0,46.7,53.4,historical_csv
2019-04-28,50.9,42.1,48.2,historical_csv
2019-04-29,59.1,33.2,47.8,historical_csv
2019-04-30,69.7,49.6,58.4,historical_csv
2020-02-01,40.3,31.2,35.5,historical_csv
2020-02-02,39.4,33.3,35.4,historical_csv
2020-02-03,58.0,34.7,45.5,historical_csv
2020-02-04,57.8,39.6,47.8,historical_csv
2020-02-05,45.4,34.7,37.3,historical_csv
2020-02-06,41.6,33.8,36.8,historical_csv
2020-02-07,45.1,31.2,38.1,historical_csv
2020-02-08,38.0,26.9,32.0,historical_csv
2020-02-09,40.1,28.9,34.7,historical_csv
2020-02-10,44.1,38.8,41.9,historical_csv
2020-02-11,47.3,41.1,43.4,historical_csv
2020-02-12,42.7,33.8,38.5,historical_csv
2020-02-13,43.2,35.9,39.3,historical_csv
2020-02-14,36.6,16.0,27.3,historical_csv
2020-02-15,30.7,9.2,20.7,historical_csv
2020-02-16,41.4,26.2,33.7,historical_csv
2020-02-17,49.2,28.3,38.4,historical_csv
2020-02-18,50.1,34.4,42.0,historical_csv
2020-02-19,45.2,31.0,39.6,historical_csv
2020-02-20,33.1,24.1,29.2,historical_csv
2020-02-21,34.4,17.2,25.7,historical_csv
2020-02-22,49.8,23.9,35.7,historical_csv
2020-02-23,54.6,24.8,40.3,historical_csv
2020-02-24,58.8,26.4,44.2,historical_csv
2020-02-25,47.7,42.9,45.6,historical_csv
2020-02-26,48.8,43.8,45.8,historical_csv
2020-02-27,44.1,30.0,35.9,historical_csv
2020-02-28,40.7,27.3,33.2,historical_csv
2020-02-29,33.0,25.6,29.6,historical_csv
2020-03-01,44.5,24.5,34.5,historical_csv
2020-03-02,63.8,28.4,46.0,historical_csv
2020-03-03,55.4,44.1,49.8,historical_csv
2020-03-04,53.1,41.1,47.1,historical_csv
2020-03-05,51.1,34.5,42.1,historical_csv
2020-03-06,40.8,31.1,36.1,historical_csv
2020-03-07,43.6,30.8,36.4,historical_csv
2020-03-08,57.2,25.8,42.2,historical_csv
2020-03-09,70.5,35.1,53.7,historical_csv
2020-03-10,63.2,47.9,55.4,historical_csv
2020-03-11,53.2,36.6,45.7,historical_csv
2020-03-12,53.9,34.8,43.9,historical_csv
2020-03-13,67.5,45.3,54.3,historical_csv
2020-03-14,52.3,39.2,45.9,historical_csv
2020-03-15,51.8,38.2,43.2,historical_csv
2020-03-16,48.4,30.1,39.5,historical_csv
2020-03-17,51.7,37.7,43.5,historical_csv
2020-03-18,54.8,33.3,45.4,historical_csv
2020-03-19,49.2,39.6,44.4,historical_csv
2020-03-20,75.1,48.0,58.5,historical_csv
2020-03-21,61.6,36.4,44.5,historical_csv
2020-03-22,45.4,28.1,36.8,historical_csv
2020-03-23,39.5,34.5,36.9,historical_csv
2020-03-24,51.8,37.7,44.0,historical_csv
2020-03-25,45.0,38.5,41.2,historical_csv
2020-03-26,56.7,33.5,45.0,historical_csv
2020-03-27,64.2,46.6,54.3,historical_csv
2020-03-28,49.8,42.1,45.8,historical_csv
2020-03-29,50.2,44.1,47.0,historical_csv
2020-03-30,56.4,45.5,50.4,historical_csv
2020-03-31,46.8,43.1,44.4,historical_csv
2020-04-01,52.5,40.0,45.0,historical_csv
2020-04-02,54.6,36.1,45.6,historical_csv
2020-04-03,51.0,44.7,47.1,historical_csv
2020-04-04,56.9,45.6,50.6,historical_csv
2020-04-05,66.2,48.5,56.5,historical_csv
2020-04-06,64.0,42.1,53.4,historical_csv
2020-04-07,66.6,40.9,54.5,historical_csv
2020-04-08,69.6,53.2,59.9,historical_csv
2020-04-09,58.0,41.5,50.8,historical_csv
2020-04-10,43.9,37.7,41.0,historical_csv
2020-04-11,52.7,34.5,43.1,historical_csv
2020-04-12,64.8,32.9,50.3,historical_csv
2020-04-13,68.4,51.2,60.6,historical_csv
2020-04-14,52.0,42.8,46.8,historical_csv
2020-04-15,49.2,34.8,42.4,historical_csv
2020-04-16,44.6,34.5,40.2,historical_csv
2020-04-17,45.7,30.1,37.3,historical_csv
2020-04-18,44.9,33.8,40.8,historical_csv
2020-04-19,59.4,29.8,46.0,historical_csv
2020-04-20,56.9,43.1,49.0,historical_csv
2020-04-21,54.2,37.5,45.1,historical_csv
2020-04-22,50.2,33.3,41.0,historical_csv
2020-04-23,55.5,36.9,44.7,historical_csv
2020-04-24,51.0,42.1,45.9,historical_csv
2020-04-25,62.6,43.0,52.9,historical_csv
2020-04-26,51.6,40.8,45.4,historical_csv
2020-04-27,49.7,39.9,43.8,historical_csv
2020-04-28,62.8,36.4,49.5,historical_csv
2020-04-29,63.1,44.4,53.9,historical_csv
2020-04-30,68.9,51.9,59.8,historical_csv
2021-02-01,31.1,21.3,26.3,historical_csv
2021-02-02,33.7,28.2,30.5,historical_csv
2021-02-03,33.5,28.2,31.2,historical_csv
2021-02-04,40.9,26.8,32.0,historical_csv
2021-02-05,44.7,31.2,37.2,historical_csv
2021-02-06,39.6,26.5,32.5,historical_csv
2021-02-07,34.4,24.7,30.0,historical_csv
2021-02-08,27.0,12.9,20.2,historical_csv
2021-02-09,32.0,18.4,25.7,historical_csv
2021-02-10,31.9,19.8,26.4,historical_csv
2021-02-11,30.4,24.3,26.9,historical_csv
2021-02-12,26.3,18.0,23.0,historical_csv
2021-02-13,26.1,23.9,25.0,historical_csv
2021-02-14,35.3,23.7,28.8,historical_csv
2021-02-15,32.8,29.8,31.2,historical_csv
2021-02-16,42.4,26.8,35.2,historical_csv
2021-02-17,29.3,18.6,24.1,historical_csv
2021-02-18,25.9,22.3,24.7,historical_csv
2021-02-19,31.8,24.8,28.2,historical_csv
2021-02-20,30.8,21.2,26.6,historical_csv
2021-02-21,33.6,17.2,25.4,historical_csv
2021-02-22,33.5,27.9,31.1,historical_csv
2021-02-23,43.4,30.2,37.2,historical_csv
2021-02-24,51.5,32.0,43.0,historical_csv
2021-02-25,45.4,32.4,40.0,historical_csv
2021-02-26,41.8,27.8,36.2,historical_csv
2021-02-27,42.0,32.6,36.9,historical_csv
2021-02-28,38.0,34.3,36.9,historical_csv
2021-03-01,43.6,30.5,38.0,historical_csv
2021-03-02,33.5,20.8,27.5,historical_csv
2021-03-03,50.2,24.6,37.5,historical_csv
2021-03-04,40.7,27.9,35.3,historical_csv
2021-03-05,35.5,19.9,28.4,historical_csv
2021-03-06,33.8,29.6,31.7,historical_csv
2021-03-07,38.0,24.6,31.5,historical_csv
2021-03-08,44.0,18.5,32.3,historical_csv
2021-03-09,61.4,35.7,47.7,historical_csv
2021-03-10,61.6,33.3,47.4,historical_csv
2021-03-11,72.4,41.7,55.3,historical_csv
2021-03-12,63.8,49.8,58.0,historical_csv
2021-03-13,49.0,30.6,40.1,historical_csv
2021-03-14,52.5,32.4,43.3,historical_csv
2021-03-15,38.9,22.8,30.8,historical_csv
2021-03-16,36.9,30.3,32.9,historical_csv
2021-03-17,44.2,33.4,38.8,historical_csv
2021-03-18,45.1,42.3,43.7,historical_csv
2021-03-19,44.4,32.0,38.0,historical_csv
2021-03-20,57.1,25.5,40.3,historical_csv
2021-03-21,63.1,26.8,45.4,historical_csv
2021-03-22,62.7,29.3,48.0,historical_csv
2021-03-23,66.3,33.2,50.8,historical_csv
2021-03-24,55.4,48.9,52.2,historical_csv
2021-03-25,63.5,53.1,57.3,historical_csv
2021-03-26,76.4,52.4,63.9,historical_csv
2021-03-27,67.4,45.4,56.6,historical_csv
2021-03-28,61.8,51.1,55.2,historical_csv
2021-03-29,51.0,38.1,45.4,historical_csv
2021-03-30,64.0,32.4,48.6,historical_csv
2021-03-31,62.2,49.3,55.7,historical_csv
2021-04-01,51.8,33.6,40.4,historical_csv
2021-04-02,40.8,25.0,33.1,historical_csv
2021-04-03,51.0,25.9,38.7,historical_csv
2021-04-04,65.5,40.5,52.3,historical_csv
2021-04-05,66.9,42.5,54.7,historical_csv
2021-04-06,69.7,42.6,57.2,historical_csv
2021-04-07,71.7,48.0,58.5,historical_csv
2021-04-08,69.4,45.4,58.5,historical_csv
2021-04-09,58.0,50.3,54.2,historical_csv
2021-04-10,65.2,50.9,57.3,historical_csv
2021-04-11,61.4,50.8,57.2,historical_csv
2021-04-12,50.0,46.1,47.5,historical_csv
2021-04-13,63.8,43.9,52.8,historical_csv
2021-04-14,62.7,44.1,54.3,historical_csv
2021-04-15,57.6,45.1,52.3,historical_csv
2021-04-16,48.4,36.6,43.5,historical_csv
2021-04-17,53.0,40.6,47.1,historical_csv
2021-04-18,58.9,44.6,51.9,historical_csv
2021-04-19,63.2,38.2,51.1,historical_csv
2021-04-20,71.8,41.4,57.9,historical_csv
2021-04-21,62.4,35.5,49.9,historical_csv
2021-04-22,45.4,32.1,38.8,historical_csv
2021-04-23,61.7,33.6,48.2,historical_csv
2021-04-24,65.6,39.5,54.7,historical_csv
2021-04-25,61.7,46.6,53.4,historical_csv
2021-04-26,59.8,35.8,47.8,historical_csv
2021-04-27,75.8,41.8,58.3,historical_csv
2021-04-28,83.9,51.6,69.9,historical_csv
2021-04-29,73.4,63.2,68.4,historical_csv
2021-04-30,65.3,45.6,57.4,historical_csv
2022-02-01,36.2,13.6,25.4,historical_csv
2022-02-02,41.7,23.8,33.0,historical_csv
2022-02-03,48.8,39.4,41.8,historical_csv
2022-02-04,49.8,25.1,35.5,historical_csv
2022-02-05,24.6,17.5,21.9,historical_csv
2022-02-06,31.8,11.0,22.0,historical_csv
2022-02-07,36.4,24.0,31.1,historical_csv
2022-02-08,36.4,27.1,31.8,historical_csv
2022-02-09,49.5,19.8,35.1,historical_csv
2022-02-10,51.6,29.5,40.8,historical_csv
2022-02-11,57.3,24.3,42.0,historical_csv
2022-02-12,50.9,36.6,45.5,historical_csv
2022-02-13,36.3,19.8,28.7,historical_csv
2022-02-14,24.1,13.0,18.2,historical_csv
2022-02-15,29.1,10.2,20.3,historical_csv
2022-02-16,45.6,22.2,34.3,historical_csv
2022-02-17,59.7,42.9,52.2,historical_csv
2022-02-18,60.5,25.0,41.7,historical_csv
2022-02-19,36.5,20.8,27.0,historical_csv
2022-02-20,37.0,15.4,26.6,historical_csv
2022-02-21,59.1,24.1,41.6,historical_csv
2022-02-22,59.5,36.4,47.7,historical_csv
2022-02-23,63.0,34.2,54.7,historical_csv
2022-02-24,33.4,26.7,30.5,historical_csv
2022-02-25,40.6,26.9,33.0,historical_csv
2022-02-26,36.2,25.4,29.4,historical_csv
2022-02-27,47.4,22.5,34.3,historical_csv
2022-02-28,36.8,25.8,31.0,historical_csv
2022-03-01,45.7,29.6,37.7,historical_csv
2022-03-02,50.7,34.3,43.3,historical_csv
2022-03-03,45.8,25.4,37.3,historical_csv
2022-03-04,37.4,17.2,27.4,historical_csv
2022-03-05,48.9,23.4,36.4,historical_csv
2022-03-06,71.8,39.4,54.3,historical_csv
2022-03-07,70.8,43.9,61.2,historical_csv
2022-03-08,44.6,33.9,39.4,historical_csv
2022-03-09,36.9,32.8,34.7,historical_csv
2022-03-10,47.5,28.2,37.4,historical_csv
2022-03-11,55.8,29.4,43.1,historical_csv
2022-03-12,44.3,19.5,31.4,historical_csv
2022-03-13,30.9,18.6,24.4,historical_csv
2022-03-14,54.1,26.5,40.3,historical_csv
2022-03-15,66.8,32.6,51.0,historical_csv
2022-03-16,68.5,39.5,55.4,historical_csv
2022-03-17,57.4,46.0,51.7,historical_csv
2022-03-18,72.4,43.7,56.9,historical_csv
2022-03-19,72.6,55.9,62.2,historical_csv
2022-03-20,55.1,45.3,49.9,historical_csv
2022-03-21,61.6,37.7,51.1,historical_csv
2022-03-22,56.5,43.9,49.6,historical_csv
2022-03-23,47.8,37.4,42.2,historical_csv
2022-03-24,46.7,37.6,42.3,historical_csv
2022-03-25,53.0,42.4,47.2,historical_csv
2022-03-26,49.5,37.8,43.9,historical_csv
2022-03-27,39.1,27.0,35.2,historical_csv
2022-03-28,29.0,21.3,25.0,historical_csv
2022-03-29,38.6,22.8,30.0,historical_csv
2022-03-30,45.4,23.4,34.6,historical_csv
2022-03-31,67.6,41.1,54.7,historical_csv
2022-04-01,56.5,40.4,48.0,historical_csv
2022-04-02,51.1,34.9,42.2,historical_csv
2022-04-03,46.8,39.3,42.7,historical_csv
2022-04-04,50.3,35.5,43.0,historical_csv
2022-04-05,59.7,35.8,46.8,historical_csv
2022-04-06,57.3,45.1,50.3,historical_csv
2022-04-07,49.2,45.3,47.0,historical_csv
2022-04-08,59.0,42.5,50.2,historical_csv
2022-04-09,52.6,40.6,45.3,historical_csv
2022-04-10,45.7,37.2,41.8,historical_csv
2022-04-11,60.8,32.7,47.6,historical_csv
2022-04-12,70.5,49.4,57.9,historical_csv
2022-04-13,79.0,49.1,65.2,historical_csv
2022-04-14,80.0,51.8,66.9,historical_csv
2022-04-15,67.6,37.3,55.3,historical_csv
2022-04-16,66.3,47.8,57.5,historical_csv
2022-04-17,49.2,38.2,44.7,historical_csv
2022-04-18,46.4,28.2,37.8,historical_csv
2022-04-19,45.9,36.3,40.4,historical_csv
2022-04-20,55.6,36.6,45.6,historical_csv
2022-04-21,59.6,41.5,51.4,historical_csv
2022-04-22,66.4,44.8,55.7,historical_csv
2022-04-23,61.7,49.0,55.3,historical_csv
2022-04-24,72.9,47.8,59.0,historical_csv
2022-04-25,60.7,46.1,53.0,historical_csv
2022-04-26,60.0,51.8,55.7,historical_csv
2022-04-27,51.8,39.1,45.9,historical_csv
2022-04-28,54.2,35.5,44.0,historical_csv
2022-04-29,60.5,34.6,48.3,historical_csv
2022-04-30,66.5,33.4,51.5,historical_csv
2023-02-01,33.1,22.9,28.2,historical_csv
2023-02-02,37.3,19.3,28.9,historical_csv
2023-02-03,33.7,11.8,22.2,historical_csv
2023-02-04,25.5,7.2,16.9,historical_csv
2023-02-05,47.4,21.0,33.8,historical_csv
2023-02-06,43.7,30.9,37.0,historical_csv
2023-02-07,42.0,22.0,32.8,historical_csv
2023-02-08,51.3,31.8,40.1,historical_csv
2023-02-09,56.6,28.9,43.8,historical_csv
2023-02-10,55.6,40.1,49.0,historical_csv
2023-02-11,43.0,31.3,37.5,historical_csv
2023-02-12,45.2,26.3,35.9,historical_csv
2023-02-13,55.4,33.7,44.7,historical_csv
2023-02-14,53.1,36.4,44.1,historical_csv
2023-02-15,65.5,43.8,53.4,historical_csv
2023-02-16,61.2,41.5,51.6,historical_csv
2023-02-17,57.4,31.3,46.9,historical_csv
2023-02-18,41.0,23.0,32.3,historical_csv
2023-02-19,53.5,28.7,40.2,historical_csv
2023-02-20,59.5,35.0,46.5,historical_csv
2023-02-21,48.9,38.1,42.5,historical_csv
2023-02-22,37.4,29.3,34.7,historical_csv
2023-02-23,63.5,35.5,46.4,historical_csv
2023-02-24,51.2,27.6,41.3,historical_csv
2023-02-25,31.7,23.0,26.8,historical_csv
2023-02-26,52.6,23.0,38.4,historical_csv
2023-02-27,44.6,30.7,37.4,historical_csv
2023-02-28,38.2,31.3,34.7,historical_csv
2023-03-01,48.9,26.5,38.1,historical_csv
2023-03-02,55.5,40.8,46.4,historical_csv
2023-03-03,43.0,29.2,36.8,historical_csv
2023-03-04,46.8,39.1,41.8,historical_csv
2023-03-05,52.3,30.8,41.8,historical_csv
2023-03-06,50.4,31.8,41.3,historical_csv
2023-03-07,43.2,31.9,36.9,historical_csv
2023-03-08,43.7,31.7,36.2,historical_csv
2023-03-09,47.2,29.8,37.3,historical_csv
2023-03-10,40.3,30.4,34.8,historical_csv
2023-03-11,37.3,31.7,34.7,historical_csv
2023-03-12,43.6,26.2,35.3,historical_csv
2023-03-13,41.1,35.5,38.0,historical_csv
2023-03-14,37.5,32.5,34.2,historical_csv
2023-03-15,45.9,31.5,37.1,historical_csv
2023-03-16,58.9,31.2,44.1,historical_csv
2023-03-17,56.3,40.3,48.6,historical_csv
2023-03-18,47.6,36.7,41.9,historical_csv
2023-03-19,35.6,23.9,30.6,historical_csv
2023-03-20,50.2,24.8,37.1,historical_csv
2023-03-21,59.9,27.4,44.2,historical_csv
2023-03-22,61.8,37.0,50.1,historical_csv
2023-03-23,60.2,46.6,53.3,historical_csv
2023-03-24,54.5,41.7,47.0,historical_csv
2023-03-25,43.8,41.1,42.5,historical_csv
2023-03-26,60.2,41.2,49.6,historical_csv
2023-03-27,60.6,32.5,45.5,historical_csv
2023-03-28,50.3,39.0,43.6,historical_csv
2023-03-29,55.0,32.0,44.3,historical_csv
2023-03-30,45.0,27.6,36.4,historical_csv
2023-03-31,54.4,29.5,42.7,historical_csv
2023-04-01,72.7,47.3,59.4,historical_csv
2023-04-02,48.1,36.6,42.4,historical_csv
2023-04-03,61.9,30.6,47.2,historical_csv
2023-04-04,75.5,43.7,60.5,historical_csv
2023-04-05,61.0,53.1,56.4,historical_csv
2023-04-06,78.3,52.2,61.5,historical_csv
2023-04-07,55.7,45.0,51.8,historical_csv
2023-04-08,52.6,34.2,44.0,historical_csv
2023-04-09,59.3,31.5,46.7,historical_csv
2023-04-10,65.3,33.3,51.0,historical_csv
2023-04-11,72.0,39.7,58.5,historical_csv
2023-04-12,82.0,60.7,70.7,historical_csv
2023-04-13,85.4,60.5,73.2,historical_csv
2023-04-14,86.7,51.6,70.4,historical_csv
2023-04-15,70.1,57.7,64.1,historical_csv
2023-04-16,72.9,57.1,63.8,historical_csv
2023-04-17,63.4,51.2,56.7,historical_csv
2023-04-18,50.2,41.0,46.1,historical_csv
2023-04-19,64.8,36.8,50.2,historical_csv
2023-04-20,75.0,44.1,59.1,historical_csv
2023-04-21,79.6,49.0,64.0,historical_csv
2023-04-22,73.9,53.2,59.7,historical_csv
2023-04-23,62.1,44.9,54.3,historical_csv
2023-04-24,55.1,35.9,46.6,historical_csv
2023-04-25,55.0,35.1,46.0,historical_csv
2023-04-26,59.5,37.3,48.2,historical_csv
2023-04-27,61.5,45.2,52.6,historical_csv
2023-04-28,51.7,46.4,48.7,historical_csv
2023-04-29,55.6,46.1,51.0,historical_csv
2023-04-30,56.4,50.2,53.4,historical_csv
2024-02-01,44.1,29.0,37.3,historical_csv
2024-02-02,43.6,36.7,39.8,historical_csv
2024-02-03,44.3,32.9,37.3,historical_csv
2024-02-04,47.4,28.5,36.8,historical_csv
2024-02-05,45.4,26.5,35.1,historical_csv
2024-02-06,41.6,25.0,32.5,historical_csv
2024-02-07,46.5,22.1,33.8,historical_csv
2024-02-08,53.2,28.3,40.5,historical_csv
2024-02-09,55.5,38.3,45.5,historical_csv
2024-02-10,57.4,35.7,46.5,historical_csv
2024-02-11,46.6,39.3,43.3,historical_csv
2024-02-12,46.9,31.4,39.8,historical_csv
2024-02-13,39.5,31.8,35.5,historical_csv
2024-02-14,35.4,28.0,31.9,historical_csv
2024-02-15,35.4,18.4,29.5,historical_csv
2024-02-16,38.8,31.8,35.4,historical_csv
2024-02-17,32.3,23.6,29.5,historical_csv
2024-02-18,37.6,18.4,28.3,historical_csv
2024-02-19,38.1,26.9,32.6,historical_csv
2024-02-20,37.6,17.6,28.3,historical_csv
2024-02-21,40.6,20.6,31.3,historical_csv
2024-02-22,41.8,28.1,35.6,historical_csv
2024-02-23,44.8,35.3,39.4,historical_csv
2024-02-24,38.1,25.1,33.6,historical_csv
2024-02-25,41.0,18.8,30.0,historical_csv
2024-02-26,56.8,30.4,42.3,historical_csv
2024-02-27,60.9,36.3,48.1,historical_csv
2024-02-28,59.4,40.1,54.5,historical_csv
2024-02-29,40.0,29.8,34.7,historical_csv
2024-03-01,49.2,26.4,38.1,historical_csv
2024-03-02,50.9,36.8,43.6,historical_csv
2024-03-03,64.3,44.1,53.1,historical_csv
2024-03-04,64.9,47.3,54.2,historical_csv
2024-03-05,48.3,43.5,46.1,historical_csv
2024-03-06,52.5,47.7,50.5,historical_csv
2024-03-07,55.9,42.4,51.1,historical_csv
2024-03-08,56.3,35.4,46.1,historical_csv
2024-03-09,43.9,40.2,42.0,historical_csv
2024-03-10,45.9,35.1,41.7,historical_csv
2024-03-11,53.1,36.7,43.9,historical_csv
2024-03-12,66.1,39.5,52.4,historical_csv
2024-03-13,70.9,38.5,55.4,historical_csv
2024-03-14,74.9,42.9,59.2,historical_csv
2024-03-15,69.0,49.2,58.5,historical_csv
2024-03-16,59.5,38.2,49.4,historical_csv
2024-03-17,59.2,45.5,52.0,historical_csv
2024-03-18,45.7,35.2,40.6,historical_csv
2024-03-19,44.5,33.7,38.6,historical_csv
2024-03-20,54.5,34.9,41.5,historical_csv
2024-03-21,41.7,27.3,34.2,historical_csv
2024-03-22,43.3,25.4,36.0,historical_csv
2024-03-23,45.8,32.4,38.2,historical_csv
2024-03-24,48.5,30.2,38.0,historical_csv
2024-03-25,54.4,31.5,42.5,historical_csv
2024-03-26,59.8,33.4,45.6,historical_csv
2024-03-27,46.9,42.0,44.7,historical_csv
2024-03-28,46.9,41.6,45.1,historical_csv
2024-03-29,55.4,35.3,44.5,historical_csv
2024-03-30,55.9,36.9,45.0,historical_csv
2024-03-31,56.8,41.1,48.6,historical_csv
2024-04-01,49.5,44.2,46.9,historical_csv
2024-04-02,47.3,44.2,45.7,historical_csv
2024-04-03,44.2,40.7,42.4,historical_csv
2024-04-04,48.6,36.8,42.3,historical_csv
2024-04-05,44.4,37.1,40.9,historical_csv
2024-04-06,51.2,37.7,44.3,historical_csv
2024-04-07,60.3,42.6,50.3,historical_csv
2024-04-08,63.9,34.1,51.1,historical_csv
2024-04-09,76.7,40.3,60.0,historical_csv
2024-04-10,69.1,54.2,62.4,historical_csv
2024-04-11,68.8,53.8,60.7,historical_csv
2024-04-12,64.1,52.2,59.0,historical_csv
2024-04-13,54.3,45.4,49.3,historical_csv
2024-04-14,74.2,42.5,58.8,historical_csv
2024-04-15,76.1,56.2,65.7,historical_csv
2024-04-16,70.2,44.5,58.8,historical_csv
2024-04-17,63.1,50.2,56.3,historical_csv
2024-04-18,53.7,47.3,50.4,historical_csv
2024-04-19,53.8,44.8,49.4,historical_csv
2024-04-20,65.3,45.9,55.7,historical_csv
2024-04-21,49.4,35.0,43.4,historical_csv
2024-04-22,61.7,35.6,48.4,historical_csv
2024-04-23,67.7,35.9,53.1,historical_csv
2024-04-24,65.3,49.9,56.8,historical_csv
2024-04-25,57.8,39.3,48.3,historical_csv
2024-04-26,63.4,36.4,51.0,historical_csv
2024-04-27,54.5,39.9,48.5,historical_csv
2024-04-28,78.8,48.9,61.8,historical_csv
2024-04-29,86.2,57.0,73.2,historical_csv
2024-04-30,81.4,61.7,70.6,historical_csv
